name	x	y	z
E1	5.520863	-5.787678	-2.577469
E2	6.709098	-5.291805	0.307435
E3	7.634241	-3.864122	3.067770
E4	7.145709	-2.868838	4.989565
E5	5.686621	-1.479340	6.812878
E6	3.806770	-0.000000	7.891305
E7	1.558864	1.223800	8.440439
E8	7.998817	-4.221902	-1.354790
E9	8.884820	-2.695406	1.088308
E10	8.708839	-1.830882	3.187091
E11	7.962647	-0.000000	5.044718
E12	5.686621	1.479340	6.812878